<?xml version="1.0" encoding="UTF-8"?>
<!DOCTYPE suite SYSTEM "http://testng.org/testng-1.0.dtd">
<suite name="Suite">
  <test thread-count="5" name="Test">
  
  
  
  
    <classes>
      <class name="com.LinkedIn.TestScripts.BlankEmailID"/>
      <class name="com.LinkedIn.TestScripts.WrongPassword"/>
      <class name="com.LinkedIn.TestScripts.WrongEmailID"/>
      <class name="com.LinkedIn.TestScripts.BlankPassword"/>
    </classes>
  </test> <!-- Test -->
</suite> <!-- Suite -->
